x,f,df_dx
-3,0.0111089965382,0.0333269896147
-2.975,0.0119704699444,0.0356121480846
-2.95,0.012890689144,0.0380275329748
-2.925,0.0138729760536,0.0405784549568
-2.9,0.0149207860691,0.0432702796003
-2.875,0.0160377092754,0.0461084141666
-2.85,0.0172274713116,0.0490982932382
-2.825,0.0184939338624,0.0522453631612
-2.8,0.0198410947444,0.0555550652842
-2.775,0.0212730875597,0.0590328179781
-2.75,0.0227941808836,0.0626839974299
-2.725,0.0244087769573,0.0665139172086
-2.7,0.0261214098539,0.0705278066056
-2.675,0.0279367430886,0.0747307877621
-2.65,0.0298595666411,0.079127851599
-2.625,0.0318947933622,0.0837238325757
-2.6,0.0340474547346,0.08852338231
-2.575,0.0363226959611,0.0935309420998
-2.55,0.0387257703517,0.0987507143967
-2.525,0.0412620329855,0.104186633288
-2.5,0.0439369336234,0.109842334059
-2.475,0.0467560088479,0.115721121899
-2.45,0.0497248734123,0.12182593986
-2.425,0.0528492107792,0.12815933614
-2.4,0.0561347628341,0.134723430802
-2.375,0.059587318762,0.14151988206
-2.35,0.0632127030753,0.148549852227
-2.325,0.0670167627892,0.155813973485
-2.3,0.0710053537396,0.163312313601
-2.275,0.0751843260453,0.171044341753
-2.25,0.0795595087182,0.179008894616
-2.225,0.0841366934319,0.187204142886
-2.2,0.0889216174594,0.195627558411
-2.175,0.093919945799,0.204275882113
-2.15,0.0991372525107,0.213145092898
-2.125,0.104579001289,0.222230377739
-2.1,0.110250525304,0.231526103139
-2.075,0.116157006352,0.241025788181
-2.05,0.122303453347,0.250722079361
-2.025,0.128694680216,0.260606727437
-2,0.135335283237,0.270670566473
-1.975,0.142229617885,0.280903495324
-1.95,0.14938177525,0.291294461738
-1.925,0.156795558086,0.301831449316
-1.9,0.164474456577,0.312501467497
-1.875,0.172421623894,0.323290544801
-1.85,0.180639851619,0.334183725495
-1.825,0.189131545138,0.345165069877
-1.8,0.197898699084,0.356217658351
-1.775,0.206942872928,0.367323599447
-1.75,0.21626516683,0.378464041952
-1.725,0.225866197839,0.389619191271
-1.7,0.235746076556,0.400768330145
-1.675,0.245904384377,0.411889843832
-1.65,0.256340151415,0.422961249835
-1.625,0.267051835226,0.433959232243
-1.6,0.278037300453,0.444859680725
-1.575,0.2892937995,0.455637734212
-1.55,0.300817954357,0.466267829254
-1.525,0.3126057397,0.476723753042
-1.5,0.324652467358,0.486978701038
-1.475,0.336952772298,0.497005339139
-1.45,0.3495006002,0.50677587029
-1.425,0.362289196767,0.516262105393
-1.4,0.375311098851,0.525435538392
-1.375,0.388558127512,0.53426742533
-1.35,0.402021383095,0.542728867178
-1.325,0.415691242425,0.550790896214
-1.3,0.429557358211,0.558424565674
-1.275,0.443608660712,0.565601042408
-1.25,0.457833361772,0.572291702215
-1.225,0.472218961256,0.578468227538
-1.2,0.48675225596,0.584102707152
-1.175,0.501419351033,0.589167737464
-1.15,0.516205673945,0.593636525037
-1.125,0.531095991035,0.597482989915
-1.1,0.54607442664,0.600681869304
-1.075,0.56112448482,0.603208821182
-1.05,0.576229073672,0.605040527355
-1.025,0.591370532197,0.606154795502
-1,0.606530659713,0.606530659713
-0.975,0.621690747747,0.606148479054
-0.95,0.636831614372,0.604990033653
-0.925,0.651933640897,0.60303861783
-0.9,0.666976810858,0.600279129773
-0.875,0.68194075119,0.596698157292
-0.85,0.696804775496,0.592284059172
-0.825,0.711547929288,0.587027041662
-0.8,0.726149037074,0.580919229659
-0.775,0.740586751157,0.573954732146
-0.75,0.754839601989,0.566129701492
-0.725,0.768886049931,0.5574423862
-0.7,0.782704538242,0.547893176769
-0.675,0.796273547129,0.537484644312
-0.65,0.809571648668,0.526221571634
-0.625,0.822577562399,0.514110976499
-0.6,0.835270211411,0.501162126847
-0.575,0.847628778702,0.487386547754
-0.55,0.859632763603,0.472798019981
-0.525,0.871262038064,0.457412569983
-0.5,0.882496902585,0.441248451292
-0.475,0.893318141566,0.424326117244
-0.45,0.903707077873,0.406668185043
-0.425,0.913645626397,0.388299391219
-0.4,0.923116346387,0.369246538555
-0.375,0.93210249236,0.349538434635
-0.35,0.940588063364,0.329205822178
-0.325,0.948557850406,0.308281301382
-0.3,0.955997481833,0.28679924455
-0.275,0.962893466491,0.264795703285
-0.25,0.969233234476,0.242308308619
-0.225,0.975005175298,0.219376164442
-0.2,0.980198673307,0.196039734661
-0.175,0.984804140218,0.172340724538
-0.15,0.988813044611,0.148321956692
-0.125,0.99221793826,0.124027242283
-0.1,0.995012479193,0.0995012479193
-0.075,0.997191451373,0.074789358853
-0.05,0.998750780925,0.0499375390462
-0.025,0.999687548823,0.0249921887206
0,1,-0
0.025,0.999687548823,-0.0249921887206
0.05,0.998750780925,-0.0499375390462
0.075,0.997191451373,-0.074789358853
0.1,0.995012479193,-0.0995012479193
0.125,0.99221793826,-0.124027242283
0.15,0.988813044611,-0.148321956692
0.175,0.984804140218,-0.172340724538
0.2,0.980198673307,-0.196039734661
0.225,0.975005175298,-0.219376164442
0.25,0.969233234476,-0.242308308619
0.275,0.962893466491,-0.264795703285
0.3,0.955997481833,-0.28679924455
0.325,0.948557850406,-0.308281301382
0.35,0.940588063364,-0.329205822178
0.375,0.93210249236,-0.349538434635
0.4,0.923116346387,-0.369246538555
0.425,0.913645626397,-0.388299391219
0.45,0.903707077873,-0.406668185043
0.475,0.893318141566,-0.424326117244
0.5,0.882496902585,-0.441248451292
0.525,0.871262038064,-0.457412569983
0.55,0.859632763603,-0.472798019981
0.575,0.847628778702,-0.487386547754
0.6,0.835270211411,-0.501162126847
0.625,0.822577562399,-0.514110976499
0.65,0.809571648668,-0.526221571634
0.675,0.796273547129,-0.537484644312
0.7,0.782704538242,-0.547893176769
0.725,0.768886049931,-0.5574423862
0.75,0.754839601989,-0.566129701492
0.775,0.740586751157,-0.573954732146
0.8,0.726149037074,-0.580919229659
0.825,0.711547929288,-0.587027041662
0.85,0.696804775496,-0.592284059172
0.875,0.68194075119,-0.596698157292
0.9,0.666976810858,-0.600279129773
0.925,0.651933640897,-0.60303861783
0.95,0.636831614372,-0.604990033653
0.975,0.621690747747,-0.606148479054
1,0.606530659713,-0.606530659713
1.025,0.591370532197,-0.606154795502
1.05,0.576229073672,-0.605040527355
1.075,0.56112448482,-0.603208821182
1.1,0.54607442664,-0.600681869304
1.125,0.531095991035,-0.597482989915
1.15,0.516205673945,-0.593636525037
1.175,0.501419351033,-0.589167737464
1.2,0.48675225596,-0.584102707152
1.225,0.472218961256,-0.578468227538
1.25,0.457833361772,-0.572291702215
1.275,0.443608660712,-0.565601042408
1.3,0.429557358211,-0.558424565674
1.325,0.415691242425,-0.550790896214
1.35,0.402021383095,-0.542728867178
1.375,0.388558127512,-0.53426742533
1.4,0.375311098851,-0.525435538392
1.425,0.362289196767,-0.516262105393
1.45,0.3495006002,-0.50677587029
1.475,0.336952772298,-0.497005339139
1.5,0.324652467358,-0.486978701038
1.525,0.3126057397,-0.476723753042
1.55,0.300817954357,-0.466267829254
1.575,0.2892937995,-0.455637734212
1.6,0.278037300453,-0.444859680725
1.625,0.267051835226,-0.433959232243
1.65,0.256340151415,-0.422961249835
1.675,0.245904384377,-0.411889843832
1.7,0.235746076556,-0.400768330145
1.725,0.225866197839,-0.389619191271
1.75,0.21626516683,-0.378464041952
1.775,0.206942872928,-0.367323599447
1.8,0.197898699084,-0.356217658351
1.825,0.189131545138,-0.345165069877
1.85,0.180639851619,-0.334183725495
1.875,0.172421623894,-0.323290544801
1.9,0.164474456577,-0.312501467497
1.925,0.156795558086,-0.301831449316
1.95,0.14938177525,-0.291294461738
1.975,0.142229617885,-0.280903495324
2,0.135335283237,-0.270670566473
2.025,0.128694680216,-0.260606727437
2.05,0.122303453347,-0.250722079361
2.075,0.116157006352,-0.241025788181
2.1,0.110250525304,-0.231526103139
2.125,0.104579001289,-0.222230377739
2.15,0.0991372525107,-0.213145092898
2.175,0.093919945799,-0.204275882113
2.2,0.0889216174594,-0.195627558411
2.225,0.0841366934319,-0.187204142886
2.25,0.0795595087182,-0.179008894616
2.275,0.0751843260453,-0.171044341753
2.3,0.0710053537396,-0.163312313601
2.325,0.0670167627892,-0.155813973485
2.35,0.0632127030753,-0.148549852227
2.375,0.059587318762,-0.14151988206
2.4,0.0561347628341,-0.134723430802
2.425,0.0528492107792,-0.12815933614
2.45,0.0497248734123,-0.12182593986
2.475,0.0467560088479,-0.115721121899
2.5,0.0439369336234,-0.109842334059
2.525,0.0412620329855,-0.104186633288
2.55,0.0387257703517,-0.0987507143967
2.575,0.0363226959611,-0.0935309420998
2.6,0.0340474547346,-0.08852338231
2.625,0.0318947933622,-0.0837238325757
2.65,0.0298595666411,-0.079127851599
2.675,0.0279367430886,-0.0747307877621
2.7,0.0261214098539,-0.0705278066056
2.725,0.0244087769573,-0.0665139172086
2.75,0.0227941808836,-0.0626839974299
2.775,0.0212730875597,-0.0590328179781
2.8,0.0198410947444,-0.0555550652842
2.825,0.0184939338624,-0.0522453631612
2.85,0.0172274713116,-0.0490982932382
2.875,0.0160377092754,-0.0461084141666
2.9,0.0149207860691,-0.0432702796003
2.925,0.0138729760536,-0.0405784549568
2.95,0.012890689144,-0.0380275329748
2.975,0.0119704699444,-0.0356121480846
3,0.0111089965382,-0.0333269896147
