x,sin_x,cos_x,sin_2x,cos_2x
-3,-0.14112000806,-0.9899924966,0.279415498199,0.96017028665
-2.975,-0.165823144744,-0.986155507345,0.32705481487,0.945005369334
-2.95,-0.190422647361,-0.981702202998,0.37387666483,0.927478430744
-2.925,-0.214903142022,-0.976635366731,0.41976401784,0.907633279098
-2.9,-0.239249329214,-0.97095816515,0.464602179414,0.885519516941
-2.875,-0.263445993363,-0.964674146321,0.508279077499,0.861192417162
-2.85,-0.287478012343,-0.957787237553,0.550685542598,0.834712784839
-2.825,-0.311330366922,-0.950301742939,0.591715580631,0.806146805265
-2.8,-0.334988150156,-0.942222340669,0.631266637872,0.77556587851
-2.775,-0.358436576701,-0.933554080106,0.669239857276,0.743046440966
-2.75,-0.381660992052,-0.924302378632,0.70554032557,0.708669774291
-2.725,-0.404646881708,-0.914473018259,0.740077310489,0.672521802248
-2.7,-0.427379880234,-0.904072142017,0.772764487556,0.634692875943
-2.675,-0.449845780247,-0.893106250115,0.803520155852,0.595277547989
-2.65,-0.47203054129,-0.881582195878,0.832267442224,0.554374336179
-2.625,-0.49392029861,-0.869507181466,0.858934493427,0.512085477242
-2.6,-0.515501371821,-0.856888753369,0.88345465572,0.4685166713
-2.575,-0.536760273456,-0.843734797694,0.905766641469,0.423776817679
-2.55,-0.557683717391,-0.830053535235,0.925814682328,0.377977742713
-2.525,-0.578258627157,-0.815853516336,0.943548668636,0.331233920237
-2.5,-0.598472144104,-0.801143615547,0.958924274663,0.283662185463
-2.475,-0.618311635442,-0.785933026076,0.971903069402,0.235381442954
-2.45,-0.637764702135,-0.770231254047,0.982452612624,0.186512369423
-2.425,-0.656819186648,-0.754048112557,0.990546535967,0.137177112101
-2.4,-0.675463180551,-0.737393715541,0.996164608836,0.0874989834394
-2.375,-0.693685031953,-0.720278471457,0.999292788975,0.037602152888
-2.35,-0.711473352791,-0.702713076774,0.999923257564,-0.0123886634629
-2.325,-0.728817025942,-0.684708509292,0.998054438759,-0.062348514607
-2.3,-0.745705212177,-0.66627602128,0.993691003633,-0.112152526935
-2.275,-0.762127356927,-0.647427132443,0.986843858503,-0.161676216354
-2.25,-0.778073196888,-0.628173622723,0.977530117665,-0.210795799431
-2.225,-0.793532766428,-0.608527524936,0.965773060621,-0.25938850279
-2.2,-0.80849640382,-0.588501117255,0.95160207389,-0.307332869978
-2.175,-0.822954757277,-0.568106915533,0.935052577558,-0.354509065048
-2.15,-0.836898790798,-0.54735766548,0.916165936749,-0.40079917208
-2.125,-0.850319789818,-0.526266334704,0.894989358229,-0.446087489914
-2.1,-0.863209366649,-0.5048461046,0.871575772414,-0.490260821341
-2.075,-0.875559465724,-0.483110362113,0.845983701075,-0.533208756037
-2.05,-0.887362368633,-0.461072691377,0.818277111064,-0.574823946533
-2.025,-0.898610698947,-0.438746865216,0.788525254426,-0.615002376526
-2,-0.909297426826,-0.416146836547,0.756802495308,-0.653643620864
-1.975,-0.919415873411,-0.393286729651,0.723188124087,-0.690651096561
-1.95,-0.928959715004,-0.370180831351,0.687766159184,-0.7259323042
-1.925,-0.937922987014,-0.346843582082,0.650625137065,-0.759399059138
-1.9,-0.946300087687,-0.323289566864,0.611857890943,-0.790967711914
-1.875,-0.95408578161,-0.29953350619,0.571561318742,-0.82055935734
-1.85,-0.961275202975,-0.275590246825,0.529836140908,-0.84810003171
-1.825,-0.96786385863,-0.251474752526,0.486786648656,-0.873520897684
-1.8,-0.973847630878,-0.227202094693,0.442520443295,-0.896758416334
-1.775,-0.979222780057,-0.202787442947,0.397148167286,-0.917754505966
-1.75,-0.983985946874,-0.178246055649,0.35078322769,-0.936456687291
-1.725,-0.988134154504,-0.15359327037,0.303541512708,-0.952818214594
-1.7,-0.991664810452,-0.128844494296,0.255541102027,-0.966798192579
-1.675,-0.994575708175,-0.104015194607,0.206901971673,-0.978361678582
-1.65,-0.996865028454,-0.0791208888067,0.157745694143,-0.987479769909
-1.625,-0.99853134054,-0.0541771350269,0.10819513453,-0.994129676081
-1.6,-0.999573603042,-0.0291995223013,0.0583741434276,-0.998294775795
-1.575,-0.999991164579,-0.00420366082469,0.00840724736715,-0.999964658471
-1.55,-0.999783764189,0.0207948278031,-0.0415806624333,-0.999135150273
-1.525,-0.998951531492,0.0457803203404,-0.0914646422324,-0.995808324539
-1.5,-0.997494986604,0.0707372016677,-0.14112000806,-0.9899924966
-1.475,-0.99541503982,0.0956498745466,-0.190422647361,-0.981702202998
-1.45,-0.992712991038,0.120502769367,-0.239249329214,-0.97095816515
-1.425,-0.98939052895,0.14528035388,-0.287478012343,-0.957787237553
-1.4,-0.985449729988,0.1699671429,-0.334988150156,-0.942222340669
-1.375,-0.980893057023,0.194547707989,-0.381660992052,-0.924302378632
-1.35,-0.975723357827,0.219006687093,-0.427379880234,-0.904072142017
-1.325,-0.969943863293,0.243328794147,-0.47203054129,-0.881582195878
-1.3,-0.963558185417,0.267498828625,-0.515501371821,-0.856888753369
-1.275,-0.956570315041,0.291501685042,-0.557683717391,-0.830053535235
-1.25,-0.948984619356,0.315322362395,-0.598472144104,-0.801143615547
-1.225,-0.940805839174,0.338945973536,-0.637764702135,-0.770231254047
-1.2,-0.932039085967,0.362357754477,-0.675463180551,-0.737393715541
-1.175,-0.922689838671,0.385543073616,-0.711473352791,-0.702713076774
-1.15,-0.912763940261,0.408487440884,-0.745705212177,-0.66627602128
-1.125,-0.902267594099,0.431176516799,-0.778073196888,-0.628173622723
-1.1,-0.891207360061,0.453596121426,-0.80849640382,-0.588501117255
-1.075,-0.879590150434,0.475732243242,-0.836898790798,-0.54735766548
-1.05,-0.867423225594,0.497571047892,-0.863209366649,-0.5048461046
-1.025,-0.854714189474,0.519098886833,-0.887362368633,-0.461072691377
-1,-0.841470984808,0.540302305868,-0.909297426826,-0.416146836547
-0.975,-0.827701888167,0.561168053549,-0.928959715004,-0.370180831351
-0.95,-0.813415504789,0.581683089464,-0.946300087687,-0.323289566864
-0.925,-0.798620763199,0.601834592382,-0.961275202975,-0.275590246825
-0.9,-0.783326909627,0.621609968271,-0.973847630878,-0.227202094693
-0.875,-0.767543502236,0.640996858163,-0.983985946874,-0.178246055649
-0.85,-0.75128040514,0.659983145885,-0.991664810452,-0.128844494296
-0.825,-0.734547782247,0.678556965624,-0.996865028454,-0.0791208888067
-0.8,-0.7173560909,0.696706709347,-0.999573603042,-0.0291995223013
-0.775,-0.699716075347,0.714421034056,-0.999783764189,0.0207948278031
-0.75,-0.681638760023,0.731688868874,-0.997494986604,0.0707372016677
-0.725,-0.663135442663,0.748499421966,-0.992712991038,0.120502769367
-0.7,-0.644217687238,0.764842187284,-0.985449729988,0.1699671429
-0.675,-0.624897316728,0.780706951132,-0.975723357827,0.219006687093
-0.65,-0.605186405736,0.796083798549,-0.963558185417,0.267498828625
-0.625,-0.58509727294,0.810963119505,-0.948984619356,0.315322362395
-0.6,-0.564642473395,0.82533561491,-0.932039085967,0.362357754477
-0.575,-0.543834790684,0.839192302421,-0.912763940261,0.408487440884
-0.55,-0.522687228931,0.85252452206,-0.891207360061,0.453596121426
-0.525,-0.501213004674,0.865323941623,-0.867423225594,0.497571047892
-0.5,-0.479425538604,0.87758256189,-0.841470984808,0.540302305868
-0.475,-0.457338447179,0.889292721623,-0.813415504789,0.581683089464
-0.45,-0.434965534111,0.900447102353,-0.783326909627,0.621609968271
-0.425,-0.412320781743,0.911038732954,-0.75128040514,0.659983145885
-0.4,-0.389418342309,0.921060994003,-0.7173560909,0.696706709347
-0.375,-0.366272529086,0.930507621912,-0.681638760023,0.731688868874
-0.35,-0.342897807455,0.939372712847,-0.644217687238,0.764842187284
-0.325,-0.319308785857,0.947650726415,-0.605186405736,0.796083798549
-0.3,-0.295520206661,0.955336489126,-0.564642473395,0.82533561491
-0.275,-0.271546936956,0.962425197628,-0.522687228931,0.85252452206
-0.25,-0.247403959255,0.968912421711,-0.479425538604,0.87758256189
-0.225,-0.223106362132,0.974794107069,-0.434965534111,0.900447102353
-0.2,-0.198669330795,0.980066577841,-0.389418342309,0.921060994003
-0.175,-0.174108137594,0.984726538905,-0.342897807455,0.939372712847
-0.15,-0.149438132474,0.988771077936,-0.295520206661,0.955336489126
-0.125,-0.124674733385,0.992197667229,-0.247403959255,0.968912421711
-0.1,-0.0998334166468,0.995004165278,-0.198669330795,0.980066577841
-0.075,-0.0749297072727,0.997188818112,-0.149438132474,0.988771077936
-0.05,-0.0499791692707,0.998750260395,-0.0998334166468,0.995004165278
-0.025,-0.0249973959147,0.999687516276,-0.0499791692707,0.998750260395
0,0,1,0,1
0.025,0.0249973959147,0.999687516276,0.0499791692707,0.998750260395
0.05,0.0499791692707,0.998750260395,0.0998334166468,0.995004165278
0.075,0.0749297072727,0.997188818112,0.149438132474,0.988771077936
0.1,0.0998334166468,0.995004165278,0.198669330795,0.980066577841
0.125,0.124674733385,0.992197667229,0.247403959255,0.968912421711
0.15,0.149438132474,0.988771077936,0.295520206661,0.955336489126
0.175,0.174108137594,0.984726538905,0.342897807455,0.939372712847
0.2,0.198669330795,0.980066577841,0.389418342309,0.921060994003
0.225,0.223106362132,0.974794107069,0.434965534111,0.900447102353
0.25,0.247403959255,0.968912421711,0.479425538604,0.87758256189
0.275,0.271546936956,0.962425197628,0.522687228931,0.85252452206
0.3,0.295520206661,0.955336489126,0.564642473395,0.82533561491
0.325,0.319308785857,0.947650726415,0.605186405736,0.796083798549
0.35,0.342897807455,0.939372712847,0.644217687238,0.764842187284
0.375,0.366272529086,0.930507621912,0.681638760023,0.731688868874
0.4,0.389418342309,0.921060994003,0.7173560909,0.696706709347
0.425,0.412320781743,0.911038732954,0.75128040514,0.659983145885
0.45,0.434965534111,0.900447102353,0.783326909627,0.621609968271
0.475,0.457338447179,0.889292721623,0.813415504789,0.581683089464
0.5,0.479425538604,0.87758256189,0.841470984808,0.540302305868
0.525,0.501213004674,0.865323941623,0.867423225594,0.497571047892
0.55,0.522687228931,0.85252452206,0.891207360061,0.453596121426
0.575,0.543834790684,0.839192302421,0.912763940261,0.408487440884
0.6,0.564642473395,0.82533561491,0.932039085967,0.362357754477
0.625,0.58509727294,0.810963119505,0.948984619356,0.315322362395
0.65,0.605186405736,0.796083798549,0.963558185417,0.267498828625
0.675,0.624897316728,0.780706951132,0.975723357827,0.219006687093
0.7,0.644217687238,0.764842187284,0.985449729988,0.1699671429
0.725,0.663135442663,0.748499421966,0.992712991038,0.120502769367
0.75,0.681638760023,0.731688868874,0.997494986604,0.0707372016677
0.775,0.699716075347,0.714421034056,0.999783764189,0.0207948278031
0.8,0.7173560909,0.696706709347,0.999573603042,-0.0291995223013
0.825,0.734547782247,0.678556965624,0.996865028454,-0.0791208888067
0.85,0.75128040514,0.659983145885,0.991664810452,-0.128844494296
0.875,0.767543502236,0.640996858163,0.983985946874,-0.178246055649
0.9,0.783326909627,0.621609968271,0.973847630878,-0.227202094693
0.925,0.798620763199,0.601834592382,0.961275202975,-0.275590246825
0.95,0.813415504789,0.581683089464,0.946300087687,-0.323289566864
0.975,0.827701888167,0.561168053549,0.928959715004,-0.370180831351
1,0.841470984808,0.540302305868,0.909297426826,-0.416146836547
1.025,0.854714189474,0.519098886833,0.887362368633,-0.461072691377
1.05,0.867423225594,0.497571047892,0.863209366649,-0.5048461046
1.075,0.879590150434,0.475732243242,0.836898790798,-0.54735766548
1.1,0.891207360061,0.453596121426,0.80849640382,-0.588501117255
1.125,0.902267594099,0.431176516799,0.778073196888,-0.628173622723
1.15,0.912763940261,0.408487440884,0.745705212177,-0.66627602128
1.175,0.922689838671,0.385543073616,0.711473352791,-0.702713076774
1.2,0.932039085967,0.362357754477,0.675463180551,-0.737393715541
1.225,0.940805839174,0.338945973536,0.637764702135,-0.770231254047
1.25,0.948984619356,0.315322362395,0.598472144104,-0.801143615547
1.275,0.956570315041,0.291501685042,0.557683717391,-0.830053535235
1.3,0.963558185417,0.267498828625,0.515501371821,-0.856888753369
1.325,0.969943863293,0.243328794147,0.47203054129,-0.881582195878
1.35,0.975723357827,0.219006687093,0.427379880234,-0.904072142017
1.375,0.980893057023,0.194547707989,0.381660992052,-0.924302378632
1.4,0.985449729988,0.1699671429,0.334988150156,-0.942222340669
1.425,0.98939052895,0.14528035388,0.287478012343,-0.957787237553
1.45,0.992712991038,0.120502769367,0.239249329214,-0.97095816515
1.475,0.99541503982,0.0956498745466,0.190422647361,-0.981702202998
1.5,0.997494986604,0.0707372016677,0.14112000806,-0.9899924966
1.525,0.998951531492,0.0457803203404,0.0914646422324,-0.995808324539
1.55,0.999783764189,0.0207948278031,0.0415806624333,-0.999135150273
1.575,0.999991164579,-0.00420366082469,-0.00840724736715,-0.999964658471
1.6,0.999573603042,-0.0291995223013,-0.0583741434276,-0.998294775795
1.625,0.99853134054,-0.0541771350269,-0.10819513453,-0.994129676081
1.65,0.996865028454,-0.0791208888067,-0.157745694143,-0.987479769909
1.675,0.994575708175,-0.104015194607,-0.206901971673,-0.978361678582
1.7,0.991664810452,-0.128844494296,-0.255541102027,-0.966798192579
1.725,0.988134154504,-0.15359327037,-0.303541512708,-0.952818214594
1.75,0.983985946874,-0.178246055649,-0.35078322769,-0.936456687291
1.775,0.979222780057,-0.202787442947,-0.397148167286,-0.917754505966
1.8,0.973847630878,-0.227202094693,-0.442520443295,-0.896758416334
1.825,0.96786385863,-0.251474752526,-0.486786648656,-0.873520897684
1.85,0.961275202975,-0.275590246825,-0.529836140908,-0.84810003171
1.875,0.95408578161,-0.29953350619,-0.571561318742,-0.82055935734
1.9,0.946300087687,-0.323289566864,-0.611857890943,-0.790967711914
1.925,0.937922987014,-0.346843582082,-0.650625137065,-0.759399059138
1.95,0.928959715004,-0.370180831351,-0.687766159184,-0.7259323042
1.975,0.919415873411,-0.393286729651,-0.723188124087,-0.690651096561
2,0.909297426826,-0.416146836547,-0.756802495308,-0.653643620864
2.025,0.898610698947,-0.438746865216,-0.788525254426,-0.615002376526
2.05,0.887362368633,-0.461072691377,-0.818277111064,-0.574823946533
2.075,0.875559465724,-0.483110362113,-0.845983701075,-0.533208756037
2.1,0.863209366649,-0.5048461046,-0.871575772414,-0.490260821341
2.125,0.850319789818,-0.526266334704,-0.894989358229,-0.446087489914
2.15,0.836898790798,-0.54735766548,-0.916165936749,-0.40079917208
2.175,0.822954757277,-0.568106915533,-0.935052577558,-0.354509065048
2.2,0.80849640382,-0.588501117255,-0.95160207389,-0.307332869978
2.225,0.793532766428,-0.608527524936,-0.965773060621,-0.25938850279
2.25,0.778073196888,-0.628173622723,-0.977530117665,-0.210795799431
2.275,0.762127356927,-0.647427132443,-0.986843858503,-0.161676216354
2.3,0.745705212177,-0.66627602128,-0.993691003633,-0.112152526935
2.325,0.728817025942,-0.684708509292,-0.998054438759,-0.062348514607
2.35,0.711473352791,-0.702713076774,-0.999923257564,-0.0123886634629
2.375,0.693685031953,-0.720278471457,-0.999292788975,0.037602152888
2.4,0.675463180551,-0.737393715541,-0.996164608836,0.0874989834394
2.425,0.656819186648,-0.754048112557,-0.990546535967,0.137177112101
2.45,0.637764702135,-0.770231254047,-0.982452612624,0.186512369423
2.475,0.618311635442,-0.785933026076,-0.971903069402,0.235381442954
2.5,0.598472144104,-0.801143615547,-0.958924274663,0.283662185463
2.525,0.578258627157,-0.815853516336,-0.943548668636,0.331233920237
2.55,0.557683717391,-0.830053535235,-0.925814682328,0.377977742713
2.575,0.536760273456,-0.843734797694,-0.905766641469,0.423776817679
2.6,0.515501371821,-0.856888753369,-0.88345465572,0.4685166713
2.625,0.49392029861,-0.869507181466,-0.858934493427,0.512085477242
2.65,0.47203054129,-0.881582195878,-0.832267442224,0.554374336179
2.675,0.449845780247,-0.893106250115,-0.803520155852,0.595277547989
2.7,0.427379880234,-0.904072142017,-0.772764487556,0.634692875943
2.725,0.404646881708,-0.914473018259,-0.740077310489,0.672521802248
2.75,0.381660992052,-0.924302378632,-0.70554032557,0.708669774291
2.775,0.358436576701,-0.933554080106,-0.669239857276,0.743046440966
2.8,0.334988150156,-0.942222340669,-0.631266637872,0.77556587851
2.825,0.311330366922,-0.950301742939,-0.591715580631,0.806146805265
2.85,0.287478012343,-0.957787237553,-0.550685542598,0.834712784839
2.875,0.263445993363,-0.964674146321,-0.508279077499,0.861192417162
2.9,0.239249329214,-0.97095816515,-0.464602179414,0.885519516941
2.925,0.214903142022,-0.976635366731,-0.41976401784,0.907633279098
2.95,0.190422647361,-0.981702202998,-0.37387666483,0.927478430744
2.975,0.165823144744,-0.986155507345,-0.32705481487,0.945005369334
3,0.14112000806,-0.9899924966,-0.279415498199,0.96017028665
